1kpro1ko11@gmail.com	XxXAkinPGXxX
1kpro1ko11@gmail.com	AkinPG
3deeaw@gmail.com	defoxer343
3deeaw@gmail.com	steax_kek321312
3kere343@gmail.com	31keker
3kere343@gmail.com	kekceker
3tugbakrgl@gmail.com	TGB
3tugbakrgl@gmail.com	TGB0307
61turgut611@gmail.com	KumpirBey
61turgut611@gmail.com	Mpir
aalpsel2006@gmail.com	Pr2gVDPHRsVm.hJ
aalpsel2006@gmail.com	Ary41667
agill1020sa@gmail.com	tortilla00
agill1020sa@gmail.com	1234567890ya6161
ahmetosmoglu@gmail.com	KufurEdenRakun
ahmetosmoglu@gmail.com	SolukRakun
ahmetosmoglu@gmail.com	Spartly
ajankaptan@gmail.com	arda1585
ajankaptan@gmail.com	arda1585
aleynagny26@gmail.com	asdf123
aleynagny26@gmail.com	zubeyir_GAMER
alperkaanalbayrak153@gmail.com	nescafem123123
alperkaanalbayrak153@gmail.com	surmortals0909
alqeren_38@hotmail.com	_Alperen100_
alqeren_38@hotmail.com	AngelOfDeathh_
ardacampr@outlook.com	ardacam1311
ardacampr@outlook.com	abdulhey21
ardaoztrkpover@gmail.com	ardaside
ardaoztrkpover@gmail.com	Arda2007
asdasdasd@gmail.com	alsancakpro
asdasdasd@gmail.com	CharoN
atesdinc013@gmail.com	petrsol
atesdinc013@gmail.com	pepe12
ayberkdinc2010@gmail.com	Ayberk77GG
ayberkdinc2010@gmail.com	158247
aysenurgezek2005@gmail.com	kerem1903
aysenurgezek2005@gmail.com	Chloe_Moon
aysenurgezek2005@gmail.com	beyazaraba2019
azizgaming35@gmail.com	aziz123123
azizgaming35@gmail.com	AzizGaming
batnwqewq@gmail.com	Dekuwq
batnwqewq@gmail.com	Pou_IsWallhack
bedo23@gmail.com	91bkbkbk
bedo23@gmail.com	91bkbkbk
beratpeksaygili6@gmail.com	Bp20071004
beratpeksaygili6@gmail.com	Bp20071004
berfincanbaz047@gmail.com	berfin14
berfincanbaz047@gmail.com	Berfok123
bhacer388@gmail.com	Quin53
bhacer388@gmail.com	Unus53
bilolgokbulut@gmail.com	Wutduh
bilolgokbulut@gmail.com	ktjkutu15
bok@gmail.com	EnesAgaOfficial
bok@gmail.com	UnspeakableFTW
bostankuzeyoktay@gmail.com	anan2
bostankuzeyoktay@gmail.com	DaRkKiNg5253
caglangoktugmert@gmail.com	102030
caglangoktugmert@gmail.com	20092009
cengizerbasan@gmail.com	12345677
cengizerbasan@gmail.com	12345677
cevdet7878u8@gmail.com	emrehymek
cevdet7878u8@gmail.com	emreergul
cgryncr866@gmail.com	lorex123
cgryncr866@gmail.com	cra123cra
cnrky451@gmail.com	FearMehmet
cnrky451@gmail.com	SonHpMeKaDaRRR
coronavardiyekurdum@gmail.com	JhinRakun
coronavardiyekurdum@gmail.com	OutRakun
darkighktr0487@gmail.com	101361
darkighktr0487@gmail.com	101361
darknessg144@gmail.com	DonTCensoreD
darknessg144@gmail.com	GeTrEkTTR1
ddalga103@gmail.com	Mb2016hs
ddalga103@gmail.com	Mb2016hs
denizhan11231@gmail.com	Roxiez
denizhan11231@gmail.com	TRLuuGhostt
denizsenpotuk@hotmail.com	AliDenizSenpotuk
denizsenpotuk@hotmail.com	V9DhsWFcTr4YVnd4
dghbd546@gmail.com	AllahDiyenRakun
dghbd546@gmail.com	OsuranRakun
discordnitroboost52@gmail.com	pls31
discordnitroboost52@gmail.com	852456.a
dogannarda06@gmail.com	hasanarda1903
dogannarda06@gmail.com	hasanarda1903
efeberkesponsorluk@gmail.com	123456789987654321
efeberkesponsorluk@gmail.com	EfeBerke
efeniyazi65@gmail.com	OyunAnaliziK1
efeniyazi65@gmail.com	1234567asd
egeberk1408@gmail.com	umu71118
egeberk1408@gmail.com	egeberk123
egesahin5142@gmail.com	Pestlox
egesahin5142@gmail.com	sillylofi
egesenbakk1@gmail.com	egeyfgtr
egesenbakk1@gmail.com	egesenbak12
email.com	izettin
email.com	efecanbabaHD
email.com	Creper11
email.com	234
email.com	goolli
email.com	Tolgakaos
email.com	hilfe
email.com	sosobibi
email.com	BaranGM0652
email.com	XFunBoy7
email.com	endersava
email.com	JustMqncys_xD
email.com	enderiki
email.com	mamada11
email.com	2016
email.com	PAYJ
email.com	bromusti
email.com	Diana2727
email.com	basquii
email.com	sefayapar
email.com	salaklar
email.com	APOQ
email.com	saz
email.com	buse123
email.com	BerkayKlc695
email.com	Soldat_Kroma
email.com	uReach
email.com	TwUqur
email.com	mmirsa
email.com	Mr_Milic
email.com	alipropv
email.com	Anasi
email.com	aylo
email.com	Talha_419192
email.com	muhammet68
email.com	myersxd
email.com	camyo3000
email.com	Excel
email.com	G_Force
email.com	nitro2
email.com	krake99
email.com	KNAH
email.com	mumi1907FByeten
email.com	JustAMoment
email.com	HaktanAtak
email.com	hymetheus
email.com	kenanyurdagul
email.com	kutayminecraft
email.com	Soggymaster
email.com	play2000
email.com	Opertion
email.com	Wolf1011
email.com	emrekaplan
email.com	sarahdemona
email.com	MertRider16
email.com	Ogiking
email.com	nikwar
email.com	MspDiamondNilose
email.com	chrizgamezz_yt
email.com	ProYoutuber267
email.com	_BrozzerS_
email.com	By_Uyumsuz_TR
email.com	Love_Girl
email.com	Lightning_PvP
email.com	canbaba331
email.com	2007Yusuf1905
email.com	shooter56
email.com.tr	ismail055
email.com.tr	Emileah
email.pp.ua	YigitcanTR_YT
email.pp.ua	Beyza2009
email.pp.ua	felikan
email.pp.ua	macanic3
email.ru	elnur_gamer
email.ru	huseyinpvp2000
email@gmail.com	XD4Games
email@gmail.com	Alex8233
email@gmail.com	kral44
email@hotmail.com	mustafa5958
email@hotmail.com	AkrepMemati
email@hotmail.com	DylanD
emailo.pro	XxProFilexX
emailo.pro	PVP_PRO_
emailo.pro	Fryzim
emir2004@hotmail.com	EmirTR_39
emir2004@hotmail.com	emir123
emirdgm1905@gmail.com	emirdgm1905
emirdgm1905@gmail.com	a3553756
emirhanakbalik58@gmail.com	TheGodOfBW
emirhanakbalik58@gmail.com	1233213a
emirhanpro20@gmail.com	EmirhanKeles29
emirhanpro20@gmail.com	YasirCosar29
emirhanpro20@gmail.com	12fener12
emrec8405@gmail.com	emrec8405
emrec8405@gmail.com	emre200712
emreecnaar@gmail.com	hawk53
emreecnaar@gmail.com	hawk5353
eneskarahissar1@gmail.com	05074649253
eneskarahissar1@gmail.com	147852369
erayibrahim150720@gmail.com	Eray2299
erayibrahim150720@gmail.com	itscoronatimee
erencraftrise123@gmail.com	D3fzin
erencraftrise123@gmail.com	12136606e
eyarogli@gmail.com	FLoveYou
eyarogli@gmail.com	FNotLoveYou
fatihalpsakar@gmail.com	fatihalpsakar
fatihalpsakar@gmail.com	hasan42basri
furkaneness32@gmail.com	furkan123
furkaneness32@gmail.com	21212121212212313465
garbariuspr@hotmail.com	CemSarac
garbariuspr@hotmail.com	9713FD2741326
gekmicemsanam@gmail.com	EliOlanEsek
gekmicemsanam@gmail.com	EsekKardesler
hakanbalaban31@gmail.com	Kpqp
hakanbalaban31@gmail.com	RqfLex
hefe0920@gmail.com	TlEET
hefe0920@gmail.com	zort13
ibrahimakdeniz1986@gmail.com	ibrahim123rt
ibrahimakdeniz1986@gmail.com	ibrahim123tr
ieneswinner123@gmail.com	ienes_winner123
ieneswinner123@gmail.com	enesmiydineydi
iremmete1234@outlook.com	Irem
iremmete1234@outlook.com	Irem_11
ismetmert150@gmail.com	Bursalikel
ismetmert150@gmail.com	16mete16
jorobsp@gmail.com	babapro1
jorobsp@gmail.com	RustyMC_
karadenizosman28@gmail.com	fc4bdd1552
karadenizosman28@gmail.com	Shark_Osman
kerembaturp@gmail.com	KeremBaturP
kerembaturp@gmail.com	KeremBaturP2
kgntorlak@gmail.com	ktorlak79
kgntorlak@gmail.com	ktorlak79
kingihamza282023@gmail.com	iHamzea
kingihamza282023@gmail.com	OyuncuAT0ki
klavye_zart4545@hotmail.com	alibeys45
klavye_zart4545@hotmail.com	EmreGamingTR7
kleopatradegilim@gmail.com	ImRapper
kleopatradegilim@gmail.com	satlaisbacks4
koyuncuaga10000@gmail.com	_ariies_
koyuncuaga10000@gmail.com	shironeko3131
kraliniz_arrow58@outlook.com	FlameArroww
kraliniz_arrow58@outlook.com	FlameArrow
lolipoptvgroup@gmail.com	denemehesab1
lolipoptvgroup@gmail.com	314614
mamitemur551@gmail.com	Mikaelson
mamitemur551@gmail.com	loncahesap1
marcus_thompson@web.de	BerkinAdmin
marcus_thompson@web.de	Berkincim
mcprosu5@gmail.com	Enes_Winner_YT
mcprosu5@gmail.com	trrr
mdkmdkmdk01@gmail.com	asdf0101
mdkmdkmdk01@gmail.com	asdf0101
meliodasssz123@gmail.com	963852741bb
meliodasssz123@gmail.com	963852741bb
merveirem334@gmail.com	iremddl
merveirem334@gmail.com	buseddl
muhammedalipece@gmail.com	Night
muhammedalipece@gmail.com	Amonx
mustafakeremkuruq@gmail.com	CarbonFurkan
mustafakeremkuruq@gmail.com	furkan123
muzosanane50@gmail.com	xp@PN3VuD4@PW8D
muzosanane50@gmail.com	salamadam900
nooppro48@gmail.com	joystiknoop
nooppro48@gmail.com	_VOIT_
omerkurnaz688@gmail.com	Ashisbetter
omerkurnaz688@gmail.com	OMERGARUK
onukeda2@gmail.com	ISNAPEI
onukeda2@gmail.com	0202
pavelgamesyt@gmail.com	PavelGames_YT
pavelgamesyt@gmail.com	PavelGames
razorcallahann1@gmail.com	razor123456
razorcallahann1@gmail.com	razor123456
rdsfewrdsqweqsadwqesarrwas@gmail.com	xxx123456
rdsfewrdsqweqsadwqesarrwas@gmail.com	IamTuana
ridvanyilmazfb9@gmail.com	ridvamyilm00
ridvanyilmazfb9@gmail.com	A5dr46sr
samedates14@gmail.com	RealSametHD
samedates14@gmail.com	Raydren
samet55223uy@gmail.com	9898
samet55223uy@gmail.com	9898
sanane@hotmail.com	SarperBykshnTR
sanane@hotmail.com	Emys
sanenrtkdsm@gmail.com	AtEgemen
sanenrtkdsm@gmail.com	RakunEgemen
sannekardesimbuepostadan@gmail.com	satlaisbacks1
sannekardesimbuepostadan@gmail.com	satlaisbacks3
scythe20002401@gmail.com	Yusuftalha55
scythe20002401@gmail.com	Zestyote
selim432@outlook.com	FBŞAMPİYON
selim432@outlook.com	FBŞAMPİYON
sjsjhznzj0@gmail.com	Lawted
sjsjhznzj0@gmail.com	Lewoned
soccerkingj@yahoo.com	Bedirhanx_
soccerkingj@yahoo.com	Arxii
spaceofthevidar@gmail.com	FakeVidar_YT
spaceofthevidar@gmail.com	Vidarisback
taylanyaman717@gmail.com	ulasben123
taylanyaman717@gmail.com	Over_Lord
theorder1940@gmail.com	Armut
theorder1940@gmail.com	SelamBenAlllah
tolgaerenarslan@gmail.com	\\/035411tea
tolgaerenarslan@gmail.com	Mandalorian114
tufankayraaltiok02@gmail.com	MasterAsh15
tufankayraaltiok02@gmail.com	TKaltıok2010
tuhannaaltinsoy12@gmail.com	JhinVeRise
tuhannaaltinsoy12@gmail.com	TorbaciRakun
tuhannaaltinsoy12@gmail.com	Yasuo800ke
tunahankaya29292@gmail.com	tnhnkya2934
tunahankaya29292@gmail.com	tuna_han2934
ygtarsctkpro@gmail.com	adanakebap01
ygtarsctkpro@gmail.com	adanakebap01
yumut1001@gmail.com	Yumut1234
yumut1001@gmail.com	andry_slayer
yunusemrebakkal79@gmail.com	radd
yunusemrebakkal79@gmail.com	1802yunus
yyunusyigit@gmail.com	1234567891234567
yyunusyigit@gmail.com	ByNemesis
yyunusyigit@gmail.com	Istanbul
yyunusyigit@gmail.com	456456
yyunusyigit@gmail.com	3146140
yyunusyigit@gmail.com	CraftRise
yyunusyigit@gmail.com	314614
yyunusyigit@gmail.com	3146140aA.
yyunusyigit@gmail.com	3146140aA.
